facility_id,name,type,type_label,city,state,latitude,longitude,square_footage,status,launch_wave,launch_date,parent_hub,ev_chargers,carrier_routes,spoke_count,notes
RPDC-ATL,Palmetto RPDC (Atlanta Metro),RPDC,Regional Processing & Distribution Center,Palmetto,GA,33.5204,-84.6699,1300000,Operational,Wave 5,2024-02-24,HQ Network,0,0,0,Major Southeast mega-hub; experienced acute transition delays in Q2 2024 before stabilizing.
RPDC-RIC,Sandston RPDC (Richmond Metro),RPDC,Regional Processing & Distribution Center,Sandston,VA,37.5188,-77.3094,850000,Operational,Wave 3,2023-07-15,HQ Network,0,0,0,First operational RPDC flagship; subject of OIG baseline efficiency review.
RPDC-HOU,North Houston RPDC,RPDC,Regional Processing & Distribution Center,Houston,TX,29.9678,-95.3855,1100000,Operational,Wave 4,2023-11-04,HQ Network,0,0,0,Gulf Coast processing hub; centralized parcel sorter deployment.
RPDC-CLT,Gastonia / Charlotte RPDC,RPDC,Regional Processing & Distribution Center,Gastonia,NC,35.2621,-81.1873,620000,Operational,Wave 4,2023-09-09,HQ Network,0,0,0,Serves Carolinas regional parcel and originating mail pipeline.
RPDC-BET,Bethlehem RPDC (Lehigh Valley),RPDC,Regional Processing & Distribution Center,Bethlehem,PA,40.6259,-75.3705,950000,Operational,Wave 6,2024-04-20,HQ Network,0,0,0,"Northeast regional sorting facility connecting PA, NJ, and NY corridors."
RPDC-IND,Indianapolis RPDC,RPDC,Regional Processing & Distribution Center,Indianapolis,IN,39.7684,-86.1581,820000,Operational,Wave 5,2024-03-16,HQ Network,0,0,0,Midwest surface and air hub serving Central Area network.
RPDC-CHI,South Suburban Chicago RPDC,RPDC,Regional Processing & Distribution Center,Bedford Park,IL,41.7656,-87.7781,1200000,Operational,Wave 5,2024-01-20,HQ Network,0,0,0,Consolidated high-speed package processing for Greater Chicago.
RPDC-PDX,Portland RPDC,RPDC,Regional Processing & Distribution Center,Portland,OR,45.5152,-122.6784,750000,Operational,Wave 6,2024-06-01,HQ Network,0,0,0,Pacific Northwest primary sorting node.
RPDC-DEN,Denver RPDC,RPDC,Regional Processing & Distribution Center,Denver,CO,39.7392,-104.9903,900000,Operational,Wave 6,2024-05-18,HQ Network,0,0,0,Mountain West operational hub.
RPDC-DAL,North Texas Dallas RPDC,RPDC,Regional Processing & Distribution Center,Dallas,TX,32.7767,-96.797,1050000,Operational,Wave 5,2024-02-10,HQ Network,0,0,0,Central distribution plant handling North Texas volumes.
RPDC-LAX,Anaheim / Orange County RPDC,RPDC,Regional Processing & Distribution Center,Anaheim,CA,33.8366,-117.9143,1150000,Operational,Wave 6,2024-06-15,HQ Network,0,0,0,Southern California package and originating mail plant.
RPDC-SEA,Seattle RPDC,RPDC,Regional Processing & Distribution Center,Seattle,WA,47.6062,-122.3321,880000,In Progress,Wave 7,2024-11-01,HQ Network,0,0,0,Under final equipment installation; sorter integration underway.
RPDC-DET,Detroit RPDC,RPDC,Regional Processing & Distribution Center,Detroit,MI,42.3314,-83.0458,800000,In Progress,Wave 7,2024-10-15,HQ Network,0,0,0,Renovating existing facility with modernized package processing equipment.
RPDC-PHX,Phoenix RPDC,RPDC,Regional Processing & Distribution Center,Phoenix,AZ,33.4484,-112.074,920000,In Progress,Wave 8,2025-01-20,HQ Network,0,0,0,Southwest growth corridor regional processing mega-center.
RPDC-BOS,North Reading RPDC (Boston Metro),RPDC,Regional Processing & Distribution Center,North Reading,MA,42.5784,-71.0778,780000,In Progress,Wave 8,2025-02-15,HQ Network,0,0,0,Consolidation of Greater Boston parcel handling.
RPDC-STL,St. Louis Processing & Distribution Center (Hazelwood),RPDC,Regional Processing & Distribution Center,Hazelwood / St. Louis,MO,38.7714,-90.3708,920000,Operational,Wave 6,2024-04-15,HQ Network,0,0,0,Central Midwest hub handling eastern Missouri and southern Illinois; primary regional parcel and automated mail processing center.
RPDC-RNO,Reno Processing Center,RPDC,Regional Processing & Distribution Center,Reno,NV,39.5296,-119.8138,450000,Paused,Wave 7,Paused,HQ Network,0,0,0,Downsizing paused following Senate inquiries and community opposition over winter mountain passes.
RPDC-GRI,Grand Island Processing Center,RPDC,Regional Processing & Distribution Center,Grand Island,NE,40.9264,-98.342,320000,Paused,Wave 7,Paused,HQ Network,0,0,0,Consolidation into Omaha paused pending PRC advisory opinion.
LPC-STL,St. Louis Local Processing Center,LPC,Local Processing Center,St. Louis,MO,38.627,-90.1994,460000,Operational,Integrated,2023-2024,RPDC-STL,0,0,0,Destination processing center subordinate to RPDC-STL.
LPC-ATL,Atlanta Local Processing Center,LPC,Local Processing Center,Atlanta,GA,33.749,-84.388,480000,Operational,Integrated,2023-2024,RPDC-ATL,0,0,0,Destination processing center subordinate to RPDC-ATL.
LPC-RIC,Richmond Local Processing Center,LPC,Local Processing Center,Richmond,VA,37.5407,-77.436,420000,Operational,Integrated,2023-2024,RPDC-RIC,0,0,0,Destination processing center subordinate to RPDC-RIC.
LPC-HOU,South Houston Local Processing Center,LPC,Local Processing Center,Missouri City,TX,29.6186,-95.5377,510000,Operational,Integrated,2023-2024,RPDC-HOU,0,0,0,Destination processing center subordinate to RPDC-HOU.
LPC-RDU,Raleigh Local Processing Center,LPC,Local Processing Center,Raleigh,NC,35.7796,-78.6382,390000,Operational,Integrated,2023-2024,RPDC-CLT,0,0,0,Destination processing center subordinate to RPDC-CLT.
LPC-PHL,Philadelphia LPC,LPC,Local Processing Center,Philadelphia,PA,39.9526,-75.1652,550000,Operational,Integrated,2023-2024,RPDC-BET,0,0,0,Destination processing center subordinate to RPDC-BET.
LPC-IND,Indianapolis South LPC,LPC,Local Processing Center,Indianapolis,IN,39.7122,-86.1384,380000,Operational,Integrated,2023-2024,RPDC-IND,0,0,0,Destination processing center subordinate to RPDC-IND.
LPC-CHI,Chicago Central LPC,LPC,Local Processing Center,Chicago,IL,41.8781,-87.6298,600000,Operational,Integrated,2023-2024,RPDC-CHI,0,0,0,Destination processing center subordinate to RPDC-CHI.
LPC-PDX,Portland Destinating LPC,LPC,Local Processing Center,Portland,OR,45.545,-122.65,410000,Operational,Integrated,2023-2024,RPDC-PDX,0,0,0,Destination processing center subordinate to RPDC-PDX.
LPC-DEN,Denver Central LPC,LPC,Local Processing Center,Denver,CO,39.75,-104.98,440000,Operational,Integrated,2023-2024,RPDC-DEN,0,0,0,Destination processing center subordinate to RPDC-DEN.
LPC-DAL,Dallas Downtown LPC,LPC,Local Processing Center,Dallas,TX,32.78,-96.8,490000,Operational,Integrated,2023-2024,RPDC-DAL,0,0,0,Destination processing center subordinate to RPDC-DAL.
LPC-LAX,Los Angeles Metro LPC,LPC,Local Processing Center,Los Angeles,CA,34.0522,-118.2437,580000,Operational,Integrated,2023-2024,RPDC-LAX,0,0,0,Destination processing center subordinate to RPDC-LAX.
LPC-SEA,Seattle Destinating LPC,LPC,Local Processing Center,Seattle,WA,47.59,-122.32,430000,In Progress,Integrated,2023-2024,RPDC-SEA,0,0,0,Destination processing center subordinate to RPDC-SEA.
LPC-DET,Detroit Destinating LPC,LPC,Local Processing Center,Detroit,MI,42.34,-83.05,420000,In Progress,Integrated,2023-2024,RPDC-DET,0,0,0,Destination processing center subordinate to RPDC-DET.
LPC-PHX,Phoenix South Mountain LPC,LPC,Local Processing Center,Phoenix,AZ,33.42,-112.06,460000,In Progress,Integrated,2023-2024,RPDC-PHX,0,0,0,Destination processing center subordinate to RPDC-PHX.
LPC-BOS,Boston Fort Point LPC,LPC,Local Processing Center,Boston,MA,42.35,-71.05,470000,In Progress,Integrated,2023-2024,RPDC-BOS,0,0,0,Destination processing center subordinate to RPDC-BOS.
SDC-ATH,Athens S&DC,S&DC,Sorting & Delivery Center,Athens,GA,33.9519,-83.3576,125000,Operational,Wave 1,2022-09-24,RPDC-ATL,48,92,8,Consolidates 92 carrier routes from 8 spoke post offices.
SPOKE-ATH-01,Athens North Station,SPOKE,Consolidated Spoke Post Office,Athens,GA,33.9992,-83.403,12014,Operational,Wave 1,2022-09-24,SDC-ATH,0,11,0,Retail and P.O. Box lobby remains open. 11 carrier routes relocated to Athens S&DC.
SPOKE-ATH-02,Athens Downtown Station,SPOKE,Consolidated Spoke Post Office,Athens,GA,33.9968,-83.4253,7211,Operational,Wave 1,2022-09-24,SDC-ATH,0,20,0,Retail and P.O. Box lobby remains open. 20 carrier routes relocated to Athens S&DC.
SPOKE-ATH-03,Athens West End Station,SPOKE,Consolidated Spoke Post Office,Athens,GA,33.8862,-83.4999,12425,Operational,Wave 1,2022-09-24,SDC-ATH,0,17,0,Retail and P.O. Box lobby remains open. 17 carrier routes relocated to Athens S&DC.
SPOKE-ATH-04,Athens Highland Branch,SPOKE,Consolidated Spoke Post Office,Athens,GA,34.0867,-83.5635,10314,Operational,Wave 1,2022-09-24,SDC-ATH,0,21,0,Retail and P.O. Box lobby remains open. 21 carrier routes relocated to Athens S&DC.
SPOKE-ATH-05,Athens Valley Post Office,SPOKE,Consolidated Spoke Post Office,Athens,GA,33.7893,-83.5238,9932,Operational,Wave 1,2022-09-24,SDC-ATH,0,13,0,Retail and P.O. Box lobby remains open. 13 carrier routes relocated to Athens S&DC.
SPOKE-ATH-06,Athens Oak Ridge Post Office,SPOKE,Consolidated Spoke Post Office,Athens,GA,34.1556,-83.1603,10922,Operational,Wave 1,2022-09-24,SDC-ATH,0,14,0,Retail and P.O. Box lobby remains open. 14 carrier routes relocated to Athens S&DC.
SPOKE-ATH-07,Athens Meadow Creek Branch,SPOKE,Consolidated Spoke Post Office,Athens,GA,33.6485,-83.099,11668,Operational,Wave 1,2022-09-24,SDC-ATH,0,8,0,Retail and P.O. Box lobby remains open. 8 carrier routes relocated to Athens S&DC.
SPOKE-ATH-08,Athens Pine Hills Station,SPOKE,Consolidated Spoke Post Office,Athens,GA,34.2968,-83.637,12982,Operational,Wave 1,2022-09-24,SDC-ATH,0,15,0,Retail and P.O. Box lobby remains open. 15 carrier routes relocated to Athens S&DC.
SDC-GNV,Gainesville S&DC,S&DC,Sorting & Delivery Center,Gainesville,FL,29.6516,-82.3248,110000,Operational,Wave 1,2022-09-24,RPDC-ATL,42,78,6,Consolidates 78 carrier routes from 6 spoke post offices.
SPOKE-GNV-01,Gainesville North Station,SPOKE,Consolidated Spoke Post Office,Gainesville,FL,29.6192,-82.3882,16060,Operational,Wave 1,2022-09-24,SDC-GNV,0,14,0,Retail and P.O. Box lobby remains open. 14 carrier routes relocated to Gainesville S&DC.
SPOKE-GNV-02,Gainesville Downtown Station,SPOKE,Consolidated Spoke Post Office,Gainesville,FL,29.7102,-82.2377,8296,Operational,Wave 1,2022-09-24,SDC-GNV,0,21,0,Retail and P.O. Box lobby remains open. 21 carrier routes relocated to Gainesville S&DC.
SPOKE-GNV-03,Gainesville West End Station,SPOKE,Consolidated Spoke Post Office,Gainesville,FL,29.5739,-82.4108,15169,Operational,Wave 1,2022-09-24,SDC-GNV,0,15,0,Retail and P.O. Box lobby remains open. 15 carrier routes relocated to Gainesville S&DC.
SPOKE-GNV-04,Gainesville Highland Branch,SPOKE,Consolidated Spoke Post Office,Gainesville,FL,29.7774,-82.4938,8327,Operational,Wave 1,2022-09-24,SDC-GNV,0,13,0,Retail and P.O. Box lobby remains open. 13 carrier routes relocated to Gainesville S&DC.
SPOKE-GNV-05,Gainesville Valley Post Office,SPOKE,Consolidated Spoke Post Office,Gainesville,FL,29.551,-82.5775,9427,Operational,Wave 1,2022-09-24,SDC-GNV,0,20,0,Retail and P.O. Box lobby remains open. 20 carrier routes relocated to Gainesville S&DC.
SPOKE-GNV-06,Gainesville Oak Ridge Post Office,SPOKE,Consolidated Spoke Post Office,Gainesville,FL,29.4124,-82.1335,9146,Operational,Wave 1,2022-09-24,SDC-GNV,0,20,0,Retail and P.O. Box lobby remains open. 20 carrier routes relocated to Gainesville S&DC.
SDC-PAN,Panama City S&DC,S&DC,Sorting & Delivery Center,Panama City,FL,30.1588,-85.6602,95000,Operational,Wave 1,2022-09-24,RPDC-ATL,36,64,5,Consolidates 64 carrier routes from 5 spoke post offices.
SPOKE-PAN-01,Panama City North Station,SPOKE,Consolidated Spoke Post Office,Panama City,FL,30.1122,-85.583,11538,Operational,Wave 1,2022-09-24,SDC-PAN,0,22,0,Retail and P.O. Box lobby remains open. 22 carrier routes relocated to Panama City S&DC.
SPOKE-PAN-02,Panama City Downtown Station,SPOKE,Consolidated Spoke Post Office,Panama City,FL,30.1972,-85.7423,15227,Operational,Wave 1,2022-09-24,SDC-PAN,0,20,0,Retail and P.O. Box lobby remains open. 20 carrier routes relocated to Panama City S&DC.
SPOKE-PAN-03,Panama City West End Station,SPOKE,Consolidated Spoke Post Office,Panama City,FL,30.0392,-85.5609,16438,Operational,Wave 1,2022-09-24,SDC-PAN,0,21,0,Retail and P.O. Box lobby remains open. 21 carrier routes relocated to Panama City S&DC.
SPOKE-PAN-04,Panama City Highland Branch,SPOKE,Consolidated Spoke Post Office,Panama City,FL,30.2929,-85.8597,12618,Operational,Wave 1,2022-09-24,SDC-PAN,0,18,0,Retail and P.O. Box lobby remains open. 18 carrier routes relocated to Panama City S&DC.
SPOKE-PAN-05,Panama City Valley Post Office,SPOKE,Consolidated Spoke Post Office,Panama City,FL,30.2876,-85.4838,15575,Operational,Wave 1,2022-09-24,SDC-PAN,0,17,0,Retail and P.O. Box lobby remains open. 17 carrier routes relocated to Panama City S&DC.
SDC-BRY,Bryan S&DC,S&DC,Sorting & Delivery Center,Bryan,TX,30.6744,-96.3697,105000,Operational,Wave 2,2023-02-25,RPDC-HOU,40,82,7,Consolidates 82 carrier routes from 7 spoke post offices.
SPOKE-BRY-01,Bryan North Station,SPOKE,Consolidated Spoke Post Office,Bryan,TX,30.6993,-96.3215,14923,Operational,Wave 2,2023-02-25,SDC-BRY,0,9,0,Retail and P.O. Box lobby remains open. 9 carrier routes relocated to Bryan S&DC.
SPOKE-BRY-02,Bryan Downtown Station,SPOKE,Consolidated Spoke Post Office,Bryan,TX,30.7288,-96.4259,13169,Operational,Wave 2,2023-02-25,SDC-BRY,0,15,0,Retail and P.O. Box lobby remains open. 15 carrier routes relocated to Bryan S&DC.
SPOKE-BRY-03,Bryan West End Station,SPOKE,Consolidated Spoke Post Office,Bryan,TX,30.6069,-96.4632,7387,Operational,Wave 2,2023-02-25,SDC-BRY,0,19,0,Retail and P.O. Box lobby remains open. 19 carrier routes relocated to Bryan S&DC.
SPOKE-BRY-04,Bryan Highland Branch,SPOKE,Consolidated Spoke Post Office,Bryan,TX,30.7915,-96.5618,10573,Operational,Wave 2,2023-02-25,SDC-BRY,0,9,0,Retail and P.O. Box lobby remains open. 9 carrier routes relocated to Bryan S&DC.
SPOKE-BRY-05,Bryan Valley Post Office,SPOKE,Consolidated Spoke Post Office,Bryan,TX,30.8145,-96.5539,7735,Operational,Wave 2,2023-02-25,SDC-BRY,0,21,0,Retail and P.O. Box lobby remains open. 21 carrier routes relocated to Bryan S&DC.
SPOKE-BRY-06,Bryan Oak Ridge Post Office,SPOKE,Consolidated Spoke Post Office,Bryan,TX,30.887,-96.0459,10372,Operational,Wave 2,2023-02-25,SDC-BRY,0,22,0,Retail and P.O. Box lobby remains open. 22 carrier routes relocated to Bryan S&DC.
SPOKE-BRY-07,Bryan Meadow Creek Branch,SPOKE,Consolidated Spoke Post Office,Bryan,TX,30.495,-96.7291,12709,Operational,Wave 2,2023-02-25,SDC-BRY,0,10,0,Retail and P.O. Box lobby remains open. 10 carrier routes relocated to Bryan S&DC.
SDC-UTI,Utica S&DC,S&DC,Sorting & Delivery Center,Utica,NY,43.1009,-75.2327,130000,Operational,Wave 2,2023-02-25,RPDC-BET,52,96,8,Consolidates 96 carrier routes from 8 spoke post offices.
SPOKE-UTI-01,Utica North Station,SPOKE,Consolidated Spoke Post Office,Utica,NY,43.0671,-75.2678,10066,Operational,Wave 2,2023-02-25,SDC-UTI,0,12,0,Retail and P.O. Box lobby remains open. 12 carrier routes relocated to Utica S&DC.
SPOKE-UTI-02,Utica Downtown Station,SPOKE,Consolidated Spoke Post Office,Utica,NY,43.0476,-75.3296,15201,Operational,Wave 2,2023-02-25,SDC-UTI,0,21,0,Retail and P.O. Box lobby remains open. 21 carrier routes relocated to Utica S&DC.
SPOKE-UTI-03,Utica West End Station,SPOKE,Consolidated Spoke Post Office,Utica,NY,43.1536,-75.1272,13115,Operational,Wave 2,2023-02-25,SDC-UTI,0,11,0,Retail and P.O. Box lobby remains open. 11 carrier routes relocated to Utica S&DC.
SPOKE-UTI-04,Utica Highland Branch,SPOKE,Consolidated Spoke Post Office,Utica,NY,43.2173,-75.3849,15065,Operational,Wave 2,2023-02-25,SDC-UTI,0,17,0,Retail and P.O. Box lobby remains open. 17 carrier routes relocated to Utica S&DC.
SPOKE-UTI-05,Utica Valley Post Office,SPOKE,Consolidated Spoke Post Office,Utica,NY,43.2693,-75.3924,8644,Operational,Wave 2,2023-02-25,SDC-UTI,0,14,0,Retail and P.O. Box lobby remains open. 14 carrier routes relocated to Utica S&DC.
SPOKE-UTI-06,Utica Oak Ridge Post Office,SPOKE,Consolidated Spoke Post Office,Utica,NY,42.9254,-75.0607,15724,Operational,Wave 2,2023-02-25,SDC-UTI,0,17,0,Retail and P.O. Box lobby remains open. 17 carrier routes relocated to Utica S&DC.
SPOKE-UTI-07,Utica Meadow Creek Branch,SPOKE,Consolidated Spoke Post Office,Utica,NY,43.3488,-74.826,7627,Operational,Wave 2,2023-02-25,SDC-UTI,0,22,0,Retail and P.O. Box lobby remains open. 22 carrier routes relocated to Utica S&DC.
SPOKE-UTI-08,Utica Pine Hills Station,SPOKE,Consolidated Spoke Post Office,Utica,NY,42.8808,-75.6243,17214,Operational,Wave 2,2023-02-25,SDC-UTI,0,20,0,Retail and P.O. Box lobby remains open. 20 carrier routes relocated to Utica S&DC.
SDC-KOK,Kokomo S&DC,S&DC,Sorting & Delivery Center,Kokomo,IN,40.4864,-86.1336,98000,Operational,Wave 3,2023-06-03,RPDC-IND,38,74,6,Consolidates 74 carrier routes from 6 spoke post offices.
SPOKE-KOK-01,Kokomo North Station,SPOKE,Consolidated Spoke Post Office,Kokomo,IN,40.5426,-86.0868,8253,Operational,Wave 3,2023-06-03,SDC-KOK,0,22,0,Retail and P.O. Box lobby remains open. 22 carrier routes relocated to Kokomo S&DC.
SPOKE-KOK-02,Kokomo Downtown Station,SPOKE,Consolidated Spoke Post Office,Kokomo,IN,40.4277,-86.0331,17763,Operational,Wave 3,2023-06-03,SDC-KOK,0,11,0,Retail and P.O. Box lobby remains open. 11 carrier routes relocated to Kokomo S&DC.
SPOKE-KOK-03,Kokomo West End Station,SPOKE,Consolidated Spoke Post Office,Kokomo,IN,40.4131,-86.0519,11033,Operational,Wave 3,2023-06-03,SDC-KOK,0,14,0,Retail and P.O. Box lobby remains open. 14 carrier routes relocated to Kokomo S&DC.
SPOKE-KOK-04,Kokomo Highland Branch,SPOKE,Consolidated Spoke Post Office,Kokomo,IN,40.6022,-86.2386,15538,Operational,Wave 3,2023-06-03,SDC-KOK,0,15,0,Retail and P.O. Box lobby remains open. 15 carrier routes relocated to Kokomo S&DC.
SPOKE-KOK-05,Kokomo Valley Post Office,SPOKE,Consolidated Spoke Post Office,Kokomo,IN,40.6036,-85.9184,12549,Operational,Wave 3,2023-06-03,SDC-KOK,0,21,0,Retail and P.O. Box lobby remains open. 21 carrier routes relocated to Kokomo S&DC.
SPOKE-KOK-06,Kokomo Oak Ridge Post Office,SPOKE,Consolidated Spoke Post Office,Kokomo,IN,40.3387,-86.3621,7153,Operational,Wave 3,2023-06-03,SDC-KOK,0,22,0,Retail and P.O. Box lobby remains open. 22 carrier routes relocated to Kokomo S&DC.
SDC-TOP,Topeka S&DC,S&DC,Sorting & Delivery Center,Topeka,KS,39.0473,-95.6752,140000,Operational,Wave 3,2023-06-03,RPDC-IND,56,108,9,Consolidates 108 carrier routes from 9 spoke post offices.
SPOKE-TOP-01,Topeka North Station,SPOKE,Consolidated Spoke Post Office,Topeka,KS,39.074,-95.7249,9032,Operational,Wave 3,2023-06-03,SDC-TOP,0,19,0,Retail and P.O. Box lobby remains open. 19 carrier routes relocated to Topeka S&DC.
SPOKE-TOP-02,Topeka Downtown Station,SPOKE,Consolidated Spoke Post Office,Topeka,KS,39.1447,-95.5567,9438,Operational,Wave 3,2023-06-03,SDC-TOP,0,8,0,Retail and P.O. Box lobby remains open. 8 carrier routes relocated to Topeka S&DC.
SPOKE-TOP-03,Topeka West End Station,SPOKE,Consolidated Spoke Post Office,Topeka,KS,38.9376,-95.5767,17989,Operational,Wave 3,2023-06-03,SDC-TOP,0,20,0,Retail and P.O. Box lobby remains open. 20 carrier routes relocated to Topeka S&DC.
SPOKE-TOP-04,Topeka Highland Branch,SPOKE,Consolidated Spoke Post Office,Topeka,KS,38.9594,-95.7992,10228,Operational,Wave 3,2023-06-03,SDC-TOP,0,21,0,Retail and P.O. Box lobby remains open. 21 carrier routes relocated to Topeka S&DC.
SPOKE-TOP-05,Topeka Valley Post Office,SPOKE,Consolidated Spoke Post Office,Topeka,KS,38.9156,-95.4261,12253,Operational,Wave 3,2023-06-03,SDC-TOP,0,12,0,Retail and P.O. Box lobby remains open. 12 carrier routes relocated to Topeka S&DC.
SPOKE-TOP-06,Topeka Oak Ridge Post Office,SPOKE,Consolidated Spoke Post Office,Topeka,KS,38.791,-95.3582,9425,Operational,Wave 3,2023-06-03,SDC-TOP,0,12,0,Retail and P.O. Box lobby remains open. 12 carrier routes relocated to Topeka S&DC.
SPOKE-TOP-07,Topeka Meadow Creek Branch,SPOKE,Consolidated Spoke Post Office,Topeka,KS,39.2201,-95.9433,11639,Operational,Wave 3,2023-06-03,SDC-TOP,0,20,0,Retail and P.O. Box lobby remains open. 20 carrier routes relocated to Topeka S&DC.
SPOKE-TOP-08,Topeka Pine Hills Station,SPOKE,Consolidated Spoke Post Office,Topeka,KS,38.7037,-95.3852,13644,Operational,Wave 3,2023-06-03,SDC-TOP,0,19,0,Retail and P.O. Box lobby remains open. 19 carrier routes relocated to Topeka S&DC.
SPOKE-TOP-09,Topeka Summit Station,SPOKE,Consolidated Spoke Post Office,Topeka,KS,38.7544,-96.0996,8541,Operational,Wave 3,2023-06-03,SDC-TOP,0,18,0,Retail and P.O. Box lobby remains open. 18 carrier routes relocated to Topeka S&DC.
SDC-RIC,Richmond S&DC (Sandston),S&DC,Sorting & Delivery Center,Sandston,VA,37.525,-77.315,185000,Operational,Wave 4,2023-09-09,RPDC-RIC,72,132,10,Consolidates 132 carrier routes from 10 spoke post offices.
SPOKE-RIC-01,Sandston North Station,SPOKE,Consolidated Spoke Post Office,Sandston,VA,37.4958,-77.3588,13388,Operational,Wave 4,2023-09-09,SDC-RIC,0,11,0,Retail and P.O. Box lobby remains open. 11 carrier routes relocated to Richmond S&DC (Sandston).
SPOKE-RIC-02,Sandston Downtown Station,SPOKE,Consolidated Spoke Post Office,Sandston,VA,37.5962,-77.3942,6506,Operational,Wave 4,2023-09-09,SDC-RIC,0,21,0,Retail and P.O. Box lobby remains open. 21 carrier routes relocated to Richmond S&DC (Sandston).
SPOKE-RIC-03,Sandston West End Station,SPOKE,Consolidated Spoke Post Office,Sandston,VA,37.4318,-77.4127,17569,Operational,Wave 4,2023-09-09,SDC-RIC,0,15,0,Retail and P.O. Box lobby remains open. 15 carrier routes relocated to Richmond S&DC (Sandston).
SPOKE-RIC-04,Sandston Highland Branch,SPOKE,Consolidated Spoke Post Office,Sandston,VA,37.6471,-77.4576,16645,Operational,Wave 4,2023-09-09,SDC-RIC,0,18,0,Retail and P.O. Box lobby remains open. 18 carrier routes relocated to Richmond S&DC (Sandston).
SPOKE-RIC-05,Sandston Valley Post Office,SPOKE,Consolidated Spoke Post Office,Sandston,VA,37.4008,-77.1663,10511,Operational,Wave 4,2023-09-09,SDC-RIC,0,8,0,Retail and P.O. Box lobby remains open. 8 carrier routes relocated to Richmond S&DC (Sandston).
SPOKE-RIC-06,Sandston Oak Ridge Post Office,SPOKE,Consolidated Spoke Post Office,Sandston,VA,37.3282,-77.0095,14599,Operational,Wave 4,2023-09-09,SDC-RIC,0,14,0,Retail and P.O. Box lobby remains open. 14 carrier routes relocated to Richmond S&DC (Sandston).
SPOKE-RIC-07,Sandston Meadow Creek Branch,SPOKE,Consolidated Spoke Post Office,Sandston,VA,37.8136,-76.9685,9381,Operational,Wave 4,2023-09-09,SDC-RIC,0,11,0,Retail and P.O. Box lobby remains open. 11 carrier routes relocated to Richmond S&DC (Sandston).
SPOKE-RIC-08,Sandston Pine Hills Station,SPOKE,Consolidated Spoke Post Office,Sandston,VA,37.8184,-76.9644,14112,Operational,Wave 4,2023-09-09,SDC-RIC,0,20,0,Retail and P.O. Box lobby remains open. 20 carrier routes relocated to Richmond S&DC (Sandston).
SPOKE-RIC-09,Sandston Summit Station,SPOKE,Consolidated Spoke Post Office,Sandston,VA,37.1735,-77.8248,13805,Operational,Wave 4,2023-09-09,SDC-RIC,0,16,0,Retail and P.O. Box lobby remains open. 16 carrier routes relocated to Richmond S&DC (Sandston).
SPOKE-RIC-10,Sandston Lakeside Branch,SPOKE,Consolidated Spoke Post Office,Sandston,VA,37.2067,-76.7208,15040,Operational,Wave 4,2023-09-09,SDC-RIC,0,12,0,Retail and P.O. Box lobby remains open. 12 carrier routes relocated to Richmond S&DC (Sandston).
SDC-GAS,Gastonia S&DC,S&DC,Sorting & Delivery Center,Gastonia,NC,35.255,-81.18,115000,Operational,Wave 4,2023-09-09,RPDC-CLT,46,86,7,Consolidates 86 carrier routes from 7 spoke post offices.
SPOKE-GAS-01,Gastonia North Station,SPOKE,Consolidated Spoke Post Office,Gastonia,NC,35.2898,-81.147,15349,Operational,Wave 4,2023-09-09,SDC-GAS,0,13,0,Retail and P.O. Box lobby remains open. 13 carrier routes relocated to Gastonia S&DC.
SPOKE-GAS-02,Gastonia Downtown Station,SPOKE,Consolidated Spoke Post Office,Gastonia,NC,35.2999,-81.1092,13297,Operational,Wave 4,2023-09-09,SDC-GAS,0,9,0,Retail and P.O. Box lobby remains open. 9 carrier routes relocated to Gastonia S&DC.
SPOKE-GAS-03,Gastonia West End Station,SPOKE,Consolidated Spoke Post Office,Gastonia,NC,35.1977,-81.2757,16069,Operational,Wave 4,2023-09-09,SDC-GAS,0,20,0,Retail and P.O. Box lobby remains open. 20 carrier routes relocated to Gastonia S&DC.
SPOKE-GAS-04,Gastonia Highland Branch,SPOKE,Consolidated Spoke Post Office,Gastonia,NC,35.124,-81.3272,13365,Operational,Wave 4,2023-09-09,SDC-GAS,0,14,0,Retail and P.O. Box lobby remains open. 14 carrier routes relocated to Gastonia S&DC.
SPOKE-GAS-05,Gastonia Valley Post Office,SPOKE,Consolidated Spoke Post Office,Gastonia,NC,35.1263,-81.3803,12007,Operational,Wave 4,2023-09-09,SDC-GAS,0,14,0,Retail and P.O. Box lobby remains open. 14 carrier routes relocated to Gastonia S&DC.
SPOKE-GAS-06,Gastonia Oak Ridge Post Office,SPOKE,Consolidated Spoke Post Office,Gastonia,NC,35.4993,-80.844,6941,Operational,Wave 4,2023-09-09,SDC-GAS,0,16,0,Retail and P.O. Box lobby remains open. 16 carrier routes relocated to Gastonia S&DC.
SPOKE-GAS-07,Gastonia Meadow Creek Branch,SPOKE,Consolidated Spoke Post Office,Gastonia,NC,35.5226,-80.7914,7323,Operational,Wave 4,2023-09-09,SDC-GAS,0,10,0,Retail and P.O. Box lobby remains open. 10 carrier routes relocated to Gastonia S&DC.
SDC-SBN,South Bend S&DC,S&DC,Sorting & Delivery Center,South Bend,IN,41.6764,-86.252,128000,Operational,Wave 4,2023-09-09,RPDC-IND,50,94,8,Consolidates 94 carrier routes from 8 spoke post offices.
SPOKE-SBN-01,South Bend North Station,SPOKE,Consolidated Spoke Post Office,South Bend,IN,41.6469,-86.288,13406,Operational,Wave 4,2023-09-09,SDC-SBN,0,21,0,Retail and P.O. Box lobby remains open. 21 carrier routes relocated to South Bend S&DC.
SPOKE-SBN-02,South Bend Downtown Station,SPOKE,Consolidated Spoke Post Office,South Bend,IN,41.6398,-86.1602,10173,Operational,Wave 4,2023-09-09,SDC-SBN,0,13,0,Retail and P.O. Box lobby remains open. 13 carrier routes relocated to South Bend S&DC.
SPOKE-SBN-03,South Bend West End Station,SPOKE,Consolidated Spoke Post Office,South Bend,IN,41.7917,-86.113,8996,Operational,Wave 4,2023-09-09,SDC-SBN,0,17,0,Retail and P.O. Box lobby remains open. 17 carrier routes relocated to South Bend S&DC.
SPOKE-SBN-04,South Bend Highland Branch,SPOKE,Consolidated Spoke Post Office,South Bend,IN,41.7925,-86.1131,12543,Operational,Wave 4,2023-09-09,SDC-SBN,0,12,0,Retail and P.O. Box lobby remains open. 12 carrier routes relocated to South Bend S&DC.
SPOKE-SBN-05,South Bend Valley Post Office,SPOKE,Consolidated Spoke Post Office,South Bend,IN,41.8689,-86.0544,11611,Operational,Wave 4,2023-09-09,SDC-SBN,0,22,0,Retail and P.O. Box lobby remains open. 22 carrier routes relocated to South Bend S&DC.
SPOKE-SBN-06,South Bend Oak Ridge Post Office,SPOKE,Consolidated Spoke Post Office,South Bend,IN,41.422,-86.0719,16776,Operational,Wave 4,2023-09-09,SDC-SBN,0,19,0,Retail and P.O. Box lobby remains open. 19 carrier routes relocated to South Bend S&DC.
SPOKE-SBN-07,South Bend Meadow Creek Branch,SPOKE,Consolidated Spoke Post Office,South Bend,IN,41.944,-85.9955,17338,Operational,Wave 4,2023-09-09,SDC-SBN,0,14,0,Retail and P.O. Box lobby remains open. 14 carrier routes relocated to South Bend S&DC.
SPOKE-SBN-08,South Bend Pine Hills Station,SPOKE,Consolidated Spoke Post Office,South Bend,IN,42.0088,-86.5059,16913,Operational,Wave 4,2023-09-09,SDC-SBN,0,13,0,Retail and P.O. Box lobby remains open. 13 carrier routes relocated to South Bend S&DC.
SDC-STL,St. Louis S&DC (Downtown/Chouteau),S&DC,Sorting & Delivery Center,St. Louis,MO,38.6235,-90.2105,145000,Operational,Wave 5,2024-01-20,RPDC-STL,58,106,8,Consolidates 106 carrier routes from 8 spoke post offices.
SPOKE-STL-01,St. Louis North Station,SPOKE,Consolidated Spoke Post Office,St. Louis,MO,38.5942,-90.262,15317,Operational,Wave 5,2024-01-20,SDC-STL,0,22,0,Retail and P.O. Box lobby remains open. 22 carrier routes relocated to St. Louis S&DC (Downtown/Chouteau).
SPOKE-STL-02,St. Louis Downtown Station,SPOKE,Consolidated Spoke Post Office,St. Louis,MO,38.5388,-90.2889,7919,Operational,Wave 5,2024-01-20,SDC-STL,0,11,0,Retail and P.O. Box lobby remains open. 11 carrier routes relocated to St. Louis S&DC (Downtown/Chouteau).
SPOKE-STL-03,St. Louis West End Station,SPOKE,Consolidated Spoke Post Office,St. Louis,MO,38.7138,-90.2986,11825,Operational,Wave 5,2024-01-20,SDC-STL,0,15,0,Retail and P.O. Box lobby remains open. 15 carrier routes relocated to St. Louis S&DC (Downtown/Chouteau).
SPOKE-STL-04,St. Louis Highland Branch,SPOKE,Consolidated Spoke Post Office,St. Louis,MO,38.4922,-90.3299,17988,Operational,Wave 5,2024-01-20,SDC-STL,0,17,0,Retail and P.O. Box lobby remains open. 17 carrier routes relocated to St. Louis S&DC (Downtown/Chouteau).
SPOKE-STL-05,St. Louis Valley Post Office,SPOKE,Consolidated Spoke Post Office,St. Louis,MO,38.7456,-90.4244,10437,Operational,Wave 5,2024-01-20,SDC-STL,0,20,0,Retail and P.O. Box lobby remains open. 20 carrier routes relocated to St. Louis S&DC (Downtown/Chouteau).
SPOKE-STL-06,St. Louis Oak Ridge Post Office,SPOKE,Consolidated Spoke Post Office,St. Louis,MO,38.3844,-89.99,17834,Operational,Wave 5,2024-01-20,SDC-STL,0,14,0,Retail and P.O. Box lobby remains open. 14 carrier routes relocated to St. Louis S&DC (Downtown/Chouteau).
SPOKE-STL-07,St. Louis Meadow Creek Branch,SPOKE,Consolidated Spoke Post Office,St. Louis,MO,38.3912,-90.4829,15517,Operational,Wave 5,2024-01-20,SDC-STL,0,19,0,Retail and P.O. Box lobby remains open. 19 carrier routes relocated to St. Louis S&DC (Downtown/Chouteau).
SPOKE-STL-08,St. Louis Pine Hills Station,SPOKE,Consolidated Spoke Post Office,St. Louis,MO,38.3894,-89.954,11669,Operational,Wave 5,2024-01-20,SDC-STL,0,11,0,Retail and P.O. Box lobby remains open. 11 carrier routes relocated to St. Louis S&DC (Downtown/Chouteau).
SDC-PAL,Palmetto S&DC,S&DC,Sorting & Delivery Center,Palmetto,GA,33.525,-84.665,210000,Operational,Wave 5,2024-01-13,RPDC-ATL,88,154,12,Consolidates 154 carrier routes from 12 spoke post offices.
SPOKE-PAL-01,Palmetto North Station,SPOKE,Consolidated Spoke Post Office,Palmetto,GA,33.5574,-84.7085,15095,Operational,Wave 5,2024-01-13,SDC-PAL,0,17,0,Retail and P.O. Box lobby remains open. 17 carrier routes relocated to Palmetto S&DC.
SPOKE-PAL-02,Palmetto Downtown Station,SPOKE,Consolidated Spoke Post Office,Palmetto,GA,33.5806,-84.7297,15251,Operational,Wave 5,2024-01-13,SDC-PAL,0,8,0,Retail and P.O. Box lobby remains open. 8 carrier routes relocated to Palmetto S&DC.
SPOKE-PAL-03,Palmetto West End Station,SPOKE,Consolidated Spoke Post Office,Palmetto,GA,33.5997,-84.5643,14542,Operational,Wave 5,2024-01-13,SDC-PAL,0,20,0,Retail and P.O. Box lobby remains open. 20 carrier routes relocated to Palmetto S&DC.
SPOKE-PAL-04,Palmetto Highland Branch,SPOKE,Consolidated Spoke Post Office,Palmetto,GA,33.4194,-84.7881,10636,Operational,Wave 5,2024-01-13,SDC-PAL,0,8,0,Retail and P.O. Box lobby remains open. 8 carrier routes relocated to Palmetto S&DC.
SPOKE-PAL-05,Palmetto Valley Post Office,SPOKE,Consolidated Spoke Post Office,Palmetto,GA,33.732,-84.8816,16812,Operational,Wave 5,2024-01-13,SDC-PAL,0,17,0,Retail and P.O. Box lobby remains open. 17 carrier routes relocated to Palmetto S&DC.
SPOKE-PAL-06,Palmetto Oak Ridge Post Office,SPOKE,Consolidated Spoke Post Office,Palmetto,GA,33.7665,-84.8499,8440,Operational,Wave 5,2024-01-13,SDC-PAL,0,11,0,Retail and P.O. Box lobby remains open. 11 carrier routes relocated to Palmetto S&DC.
SPOKE-PAL-07,Palmetto Meadow Creek Branch,SPOKE,Consolidated Spoke Post Office,Palmetto,GA,33.8019,-84.954,11371,Operational,Wave 5,2024-01-13,SDC-PAL,0,15,0,Retail and P.O. Box lobby remains open. 15 carrier routes relocated to Palmetto S&DC.
SPOKE-PAL-08,Palmetto Pine Hills Station,SPOKE,Consolidated Spoke Post Office,Palmetto,GA,33.2276,-84.2751,8125,Operational,Wave 5,2024-01-13,SDC-PAL,0,19,0,Retail and P.O. Box lobby remains open. 19 carrier routes relocated to Palmetto S&DC.
SPOKE-PAL-09,Palmetto Summit Station,SPOKE,Consolidated Spoke Post Office,Palmetto,GA,33.808,-84.3342,15543,Operational,Wave 5,2024-01-13,SDC-PAL,0,10,0,Retail and P.O. Box lobby remains open. 10 carrier routes relocated to Palmetto S&DC.
SPOKE-PAL-10,Palmetto Lakeside Branch,SPOKE,Consolidated Spoke Post Office,Palmetto,GA,33.1819,-85.0552,11220,Operational,Wave 5,2024-01-13,SDC-PAL,0,11,0,Retail and P.O. Box lobby remains open. 11 carrier routes relocated to Palmetto S&DC.
SPOKE-PAL-11,Palmetto Forest Park Station,SPOKE,Consolidated Spoke Post Office,Palmetto,GA,33.6796,-84.8742,16163,Operational,Wave 5,2024-01-13,SDC-PAL,0,18,0,Retail and P.O. Box lobby remains open. 18 carrier routes relocated to Palmetto S&DC.
SPOKE-PAL-12,Palmetto Airport Station,SPOKE,Consolidated Spoke Post Office,Palmetto,GA,33.4475,-84.5185,10852,Operational,Wave 5,2024-01-13,SDC-PAL,0,22,0,Retail and P.O. Box lobby remains open. 22 carrier routes relocated to Palmetto S&DC.
SDC-BKN,Brooklyn Cadman S&DC,S&DC,Sorting & Delivery Center,Brooklyn,NY,40.6928,-73.9903,160000,Operational,Wave 5,2024-01-13,RPDC-BET,60,112,6,Consolidates 112 carrier routes from 6 spoke post offices.
SPOKE-BKN-01,Brooklyn North Station,SPOKE,Consolidated Spoke Post Office,Brooklyn,NY,40.666,-74.0212,17783,Operational,Wave 5,2024-01-13,SDC-BKN,0,15,0,Retail and P.O. Box lobby remains open. 15 carrier routes relocated to Brooklyn Cadman S&DC.
SPOKE-BKN-02,Brooklyn Downtown Station,SPOKE,Consolidated Spoke Post Office,Brooklyn,NY,40.6371,-74.0585,7153,Operational,Wave 5,2024-01-13,SDC-BKN,0,17,0,Retail and P.O. Box lobby remains open. 17 carrier routes relocated to Brooklyn Cadman S&DC.
SPOKE-BKN-03,Brooklyn West End Station,SPOKE,Consolidated Spoke Post Office,Brooklyn,NY,40.6274,-73.8304,15924,Operational,Wave 5,2024-01-13,SDC-BKN,0,21,0,Retail and P.O. Box lobby remains open. 21 carrier routes relocated to Brooklyn Cadman S&DC.
SPOKE-BKN-04,Brooklyn Highland Branch,SPOKE,Consolidated Spoke Post Office,Brooklyn,NY,40.564,-73.8367,13745,Operational,Wave 5,2024-01-13,SDC-BKN,0,18,0,Retail and P.O. Box lobby remains open. 18 carrier routes relocated to Brooklyn Cadman S&DC.
SPOKE-BKN-05,Brooklyn Valley Post Office,SPOKE,Consolidated Spoke Post Office,Brooklyn,NY,40.508,-74.2747,12200,Operational,Wave 5,2024-01-13,SDC-BKN,0,15,0,Retail and P.O. Box lobby remains open. 15 carrier routes relocated to Brooklyn Cadman S&DC.
SPOKE-BKN-06,Brooklyn Oak Ridge Post Office,SPOKE,Consolidated Spoke Post Office,Brooklyn,NY,40.9297,-74.2203,11222,Operational,Wave 5,2024-01-13,SDC-BKN,0,15,0,Retail and P.O. Box lobby remains open. 15 carrier routes relocated to Brooklyn Cadman S&DC.
SDC-TAC,Tacoma S&DC,S&DC,Sorting & Delivery Center,Tacoma,WA,47.2529,-122.4443,145000,Operational,Wave 5,2024-02-24,RPDC-PDX,58,118,9,Consolidates 118 carrier routes from 9 spoke post offices.
SPOKE-TAC-01,Tacoma North Station,SPOKE,Consolidated Spoke Post Office,Tacoma,WA,47.227,-122.4845,13122,Operational,Wave 5,2024-02-24,SDC-TAC,0,20,0,Retail and P.O. Box lobby remains open. 20 carrier routes relocated to Tacoma S&DC.
SPOKE-TAC-02,Tacoma Downtown Station,SPOKE,Consolidated Spoke Post Office,Tacoma,WA,47.1849,-122.3509,14667,Operational,Wave 5,2024-02-24,SDC-TAC,0,17,0,Retail and P.O. Box lobby remains open. 17 carrier routes relocated to Tacoma S&DC.
SPOKE-TAC-03,Tacoma West End Station,SPOKE,Consolidated Spoke Post Office,Tacoma,WA,47.3271,-122.3001,17940,Operational,Wave 5,2024-02-24,SDC-TAC,0,15,0,Retail and P.O. Box lobby remains open. 15 carrier routes relocated to Tacoma S&DC.
SPOKE-TAC-04,Tacoma Highland Branch,SPOKE,Consolidated Spoke Post Office,Tacoma,WA,47.3887,-122.6017,13184,Operational,Wave 5,2024-02-24,SDC-TAC,0,16,0,Retail and P.O. Box lobby remains open. 16 carrier routes relocated to Tacoma S&DC.
SPOKE-TAC-05,Tacoma Valley Post Office,SPOKE,Consolidated Spoke Post Office,Tacoma,WA,47.0655,-122.2601,11281,Operational,Wave 5,2024-02-24,SDC-TAC,0,19,0,Retail and P.O. Box lobby remains open. 19 carrier routes relocated to Tacoma S&DC.
SPOKE-TAC-06,Tacoma Oak Ridge Post Office,SPOKE,Consolidated Spoke Post Office,Tacoma,WA,47.0147,-122.6507,8869,Operational,Wave 5,2024-02-24,SDC-TAC,0,16,0,Retail and P.O. Box lobby remains open. 16 carrier routes relocated to Tacoma S&DC.
SPOKE-TAC-07,Tacoma Meadow Creek Branch,SPOKE,Consolidated Spoke Post Office,Tacoma,WA,47.4467,-122.7043,14818,Operational,Wave 5,2024-02-24,SDC-TAC,0,20,0,Retail and P.O. Box lobby remains open. 20 carrier routes relocated to Tacoma S&DC.
SPOKE-TAC-08,Tacoma Pine Hills Station,SPOKE,Consolidated Spoke Post Office,Tacoma,WA,46.9467,-122.8671,15324,Operational,Wave 5,2024-02-24,SDC-TAC,0,15,0,Retail and P.O. Box lobby remains open. 15 carrier routes relocated to Tacoma S&DC.
SPOKE-TAC-09,Tacoma Summit Station,SPOKE,Consolidated Spoke Post Office,Tacoma,WA,46.9407,-122.9567,10412,Operational,Wave 5,2024-02-24,SDC-TAC,0,19,0,Retail and P.O. Box lobby remains open. 19 carrier routes relocated to Tacoma S&DC.
SDC-BOI,Boise S&DC,S&DC,Sorting & Delivery Center,Boise,ID,43.615,-116.2023,120000,Operational,Wave 6,2024-06-01,RPDC-PDX,46,88,7,Consolidates 88 carrier routes from 7 spoke post offices.
SPOKE-BOI-01,Boise North Station,SPOKE,Consolidated Spoke Post Office,Boise,ID,43.6417,-116.2465,12746,Operational,Wave 6,2024-06-01,SDC-BOI,0,20,0,Retail and P.O. Box lobby remains open. 20 carrier routes relocated to Boise S&DC.
SPOKE-BOI-02,Boise Downtown Station,SPOKE,Consolidated Spoke Post Office,Boise,ID,43.5387,-116.1277,11939,Operational,Wave 6,2024-06-01,SDC-BOI,0,17,0,Retail and P.O. Box lobby remains open. 17 carrier routes relocated to Boise S&DC.
SPOKE-BOI-03,Boise West End Station,SPOKE,Consolidated Spoke Post Office,Boise,ID,43.7114,-116.2843,13217,Operational,Wave 6,2024-06-01,SDC-BOI,0,10,0,Retail and P.O. Box lobby remains open. 10 carrier routes relocated to Boise S&DC.
SPOKE-BOI-04,Boise Highland Branch,SPOKE,Consolidated Spoke Post Office,Boise,ID,43.7428,-116.351,13012,Operational,Wave 6,2024-06-01,SDC-BOI,0,19,0,Retail and P.O. Box lobby remains open. 19 carrier routes relocated to Boise S&DC.
SPOKE-BOI-05,Boise Valley Post Office,SPOKE,Consolidated Spoke Post Office,Boise,ID,43.4043,-116.4603,16616,Operational,Wave 6,2024-06-01,SDC-BOI,0,8,0,Retail and P.O. Box lobby remains open. 8 carrier routes relocated to Boise S&DC.
SPOKE-BOI-06,Boise Oak Ridge Post Office,SPOKE,Consolidated Spoke Post Office,Boise,ID,43.8256,-116.5071,16883,Operational,Wave 6,2024-06-01,SDC-BOI,0,20,0,Retail and P.O. Box lobby remains open. 20 carrier routes relocated to Boise S&DC.
SPOKE-BOI-07,Boise Meadow Creek Branch,SPOKE,Consolidated Spoke Post Office,Boise,ID,43.4297,-116.5886,11814,Operational,Wave 6,2024-06-01,SDC-BOI,0,8,0,Retail and P.O. Box lobby remains open. 8 carrier routes relocated to Boise S&DC.
SDC-DSM,Des Moines S&DC,S&DC,Sorting & Delivery Center,Des Moines,IA,41.5868,-93.625,135000,Operational,Wave 6,2024-06-01,RPDC-IND,54,98,8,Consolidates 98 carrier routes from 8 spoke post offices.
SPOKE-DSM-01,Des Moines North Station,SPOKE,Consolidated Spoke Post Office,Des Moines,IA,41.5622,-93.6679,9450,Operational,Wave 6,2024-06-01,SDC-DSM,0,20,0,Retail and P.O. Box lobby remains open. 20 carrier routes relocated to Des Moines S&DC.
SPOKE-DSM-02,Des Moines Downtown Station,SPOKE,Consolidated Spoke Post Office,Des Moines,IA,41.5314,-93.5595,8844,Operational,Wave 6,2024-06-01,SDC-DSM,0,17,0,Retail and P.O. Box lobby remains open. 17 carrier routes relocated to Des Moines S&DC.
SPOKE-DSM-03,Des Moines West End Station,SPOKE,Consolidated Spoke Post Office,Des Moines,IA,41.5235,-93.5026,11212,Operational,Wave 6,2024-06-01,SDC-DSM,0,15,0,Retail and P.O. Box lobby remains open. 15 carrier routes relocated to Des Moines S&DC.
SPOKE-DSM-04,Des Moines Highland Branch,SPOKE,Consolidated Spoke Post Office,Des Moines,IA,41.7072,-93.837,16968,Operational,Wave 6,2024-06-01,SDC-DSM,0,12,0,Retail and P.O. Box lobby remains open. 12 carrier routes relocated to Des Moines S&DC.
SPOKE-DSM-05,Des Moines Valley Post Office,SPOKE,Consolidated Spoke Post Office,Des Moines,IA,41.3761,-93.3332,14416,Operational,Wave 6,2024-06-01,SDC-DSM,0,21,0,Retail and P.O. Box lobby remains open. 21 carrier routes relocated to Des Moines S&DC.
SPOKE-DSM-06,Des Moines Oak Ridge Post Office,SPOKE,Consolidated Spoke Post Office,Des Moines,IA,41.3951,-93.784,17284,Operational,Wave 6,2024-06-01,SDC-DSM,0,21,0,Retail and P.O. Box lobby remains open. 21 carrier routes relocated to Des Moines S&DC.
SPOKE-DSM-07,Des Moines Meadow Creek Branch,SPOKE,Consolidated Spoke Post Office,Des Moines,IA,41.8781,-93.9821,11189,Operational,Wave 6,2024-06-01,SDC-DSM,0,22,0,Retail and P.O. Box lobby remains open. 22 carrier routes relocated to Des Moines S&DC.
SPOKE-DSM-08,Des Moines Pine Hills Station,SPOKE,Consolidated Spoke Post Office,Des Moines,IA,41.3578,-93.236,17300,Operational,Wave 6,2024-06-01,SDC-DSM,0,18,0,Retail and P.O. Box lobby remains open. 18 carrier routes relocated to Des Moines S&DC.
SDC-COS,Colorado Springs S&DC,S&DC,Sorting & Delivery Center,Colorado Springs,CO,38.8339,-104.8214,130000,Operational,Wave 6,2024-06-01,RPDC-DEN,50,94,8,Consolidates 94 carrier routes from 8 spoke post offices.
SPOKE-COS-01,Colorado Springs North Station,SPOKE,Consolidated Spoke Post Office,Colorado Springs,CO,38.8582,-104.8459,8653,Operational,Wave 6,2024-06-01,SDC-COS,0,13,0,Retail and P.O. Box lobby remains open. 13 carrier routes relocated to Colorado Springs S&DC.
SPOKE-COS-02,Colorado Springs Downtown Station,SPOKE,Consolidated Spoke Post Office,Colorado Springs,CO,38.7772,-104.7716,15337,Operational,Wave 6,2024-06-01,SDC-COS,0,20,0,Retail and P.O. Box lobby remains open. 20 carrier routes relocated to Colorado Springs S&DC.
SPOKE-COS-03,Colorado Springs West End Station,SPOKE,Consolidated Spoke Post Office,Colorado Springs,CO,38.7172,-104.9774,11335,Operational,Wave 6,2024-06-01,SDC-COS,0,15,0,Retail and P.O. Box lobby remains open. 15 carrier routes relocated to Colorado Springs S&DC.
SPOKE-COS-04,Colorado Springs Highland Branch,SPOKE,Consolidated Spoke Post Office,Colorado Springs,CO,38.9582,-104.698,17580,Operational,Wave 6,2024-06-01,SDC-COS,0,11,0,Retail and P.O. Box lobby remains open. 11 carrier routes relocated to Colorado Springs S&DC.
SPOKE-COS-05,Colorado Springs Valley Post Office,SPOKE,Consolidated Spoke Post Office,Colorado Springs,CO,38.7151,-104.9626,8524,Operational,Wave 6,2024-06-01,SDC-COS,0,16,0,Retail and P.O. Box lobby remains open. 16 carrier routes relocated to Colorado Springs S&DC.
SPOKE-COS-06,Colorado Springs Oak Ridge Post Office,SPOKE,Consolidated Spoke Post Office,Colorado Springs,CO,38.5994,-105.0037,14224,Operational,Wave 6,2024-06-01,SDC-COS,0,11,0,Retail and P.O. Box lobby remains open. 11 carrier routes relocated to Colorado Springs S&DC.
SPOKE-COS-07,Colorado Springs Meadow Creek Branch,SPOKE,Consolidated Spoke Post Office,Colorado Springs,CO,39.0727,-105.175,17137,Operational,Wave 6,2024-06-01,SDC-COS,0,12,0,Retail and P.O. Box lobby remains open. 12 carrier routes relocated to Colorado Springs S&DC.
SPOKE-COS-08,Colorado Springs Pine Hills Station,SPOKE,Consolidated Spoke Post Office,Colorado Springs,CO,39.1848,-105.2812,8092,Operational,Wave 6,2024-06-01,SDC-COS,0,9,0,Retail and P.O. Box lobby remains open. 9 carrier routes relocated to Colorado Springs S&DC.
SDC-LAN,Lansing S&DC,S&DC,Sorting & Delivery Center,Lansing,MI,42.7325,-84.5555,115000,In Progress,Wave 7,2024-11-02,RPDC-DET,44,76,6,Consolidates 76 carrier routes from 6 spoke post offices.
SPOKE-LAN-01,Lansing North Station,SPOKE,Consolidated Spoke Post Office,Lansing,MI,42.6959,-84.6096,9031,In Progress,Wave 7,2024-11-02,SDC-LAN,0,19,0,Retail and P.O. Box lobby remains open. 19 carrier routes relocated to Lansing S&DC.
SPOKE-LAN-02,Lansing Downtown Station,SPOKE,Consolidated Spoke Post Office,Lansing,MI,42.6538,-84.6198,10059,In Progress,Wave 7,2024-11-02,SDC-LAN,0,13,0,Retail and P.O. Box lobby remains open. 13 carrier routes relocated to Lansing S&DC.
SPOKE-LAN-03,Lansing West End Station,SPOKE,Consolidated Spoke Post Office,Lansing,MI,42.672,-84.6642,12376,In Progress,Wave 7,2024-11-02,SDC-LAN,0,18,0,Retail and P.O. Box lobby remains open. 18 carrier routes relocated to Lansing S&DC.
SPOKE-LAN-04,Lansing Highland Branch,SPOKE,Consolidated Spoke Post Office,Lansing,MI,42.8717,-84.6542,17013,In Progress,Wave 7,2024-11-02,SDC-LAN,0,11,0,Retail and P.O. Box lobby remains open. 11 carrier routes relocated to Lansing S&DC.
SPOKE-LAN-05,Lansing Valley Post Office,SPOKE,Consolidated Spoke Post Office,Lansing,MI,42.9241,-84.283,15750,In Progress,Wave 7,2024-11-02,SDC-LAN,0,20,0,Retail and P.O. Box lobby remains open. 20 carrier routes relocated to Lansing S&DC.
SPOKE-LAN-06,Lansing Oak Ridge Post Office,SPOKE,Consolidated Spoke Post Office,Lansing,MI,42.9564,-84.3459,16264,In Progress,Wave 7,2024-11-02,SDC-LAN,0,10,0,Retail and P.O. Box lobby remains open. 10 carrier routes relocated to Lansing S&DC.
SDC-GEG,Spokane S&DC,S&DC,Sorting & Delivery Center,Spokane,WA,47.6588,-117.426,125000,In Progress,Wave 7,2024-11-02,RPDC-SEA,48,84,7,Consolidates 84 carrier routes from 7 spoke post offices.
SPOKE-GEG-01,Spokane North Station,SPOKE,Consolidated Spoke Post Office,Spokane,WA,47.7097,-117.3791,6922,In Progress,Wave 7,2024-11-02,SDC-GEG,0,21,0,Retail and P.O. Box lobby remains open. 21 carrier routes relocated to Spokane S&DC.
SPOKE-GEG-02,Spokane Downtown Station,SPOKE,Consolidated Spoke Post Office,Spokane,WA,47.7122,-117.3756,8576,In Progress,Wave 7,2024-11-02,SDC-GEG,0,8,0,Retail and P.O. Box lobby remains open. 8 carrier routes relocated to Spokane S&DC.
SPOKE-GEG-03,Spokane West End Station,SPOKE,Consolidated Spoke Post Office,Spokane,WA,47.7487,-117.5437,13905,In Progress,Wave 7,2024-11-02,SDC-GEG,0,9,0,Retail and P.O. Box lobby remains open. 9 carrier routes relocated to Spokane S&DC.
SPOKE-GEG-04,Spokane Highland Branch,SPOKE,Consolidated Spoke Post Office,Spokane,WA,47.5422,-117.3176,13080,In Progress,Wave 7,2024-11-02,SDC-GEG,0,15,0,Retail and P.O. Box lobby remains open. 15 carrier routes relocated to Spokane S&DC.
SPOKE-GEG-05,Spokane Valley Post Office,SPOKE,Consolidated Spoke Post Office,Spokane,WA,47.4821,-117.5675,11777,In Progress,Wave 7,2024-11-02,SDC-GEG,0,9,0,Retail and P.O. Box lobby remains open. 9 carrier routes relocated to Spokane S&DC.
SPOKE-GEG-06,Spokane Oak Ridge Post Office,SPOKE,Consolidated Spoke Post Office,Spokane,WA,47.8266,-117.6582,15192,In Progress,Wave 7,2024-11-02,SDC-GEG,0,17,0,Retail and P.O. Box lobby remains open. 17 carrier routes relocated to Spokane S&DC.
SPOKE-GEG-07,Spokane Meadow Creek Branch,SPOKE,Consolidated Spoke Post Office,Spokane,WA,47.928,-117.0705,15533,In Progress,Wave 7,2024-11-02,SDC-GEG,0,18,0,Retail and P.O. Box lobby remains open. 18 carrier routes relocated to Spokane S&DC.
SDC-GRB,Green Bay S&DC,S&DC,Sorting & Delivery Center,Green Bay,WI,44.5192,-88.0198,105000,Paused,Wave 7,Paused,RPDC-CHI,0,62,5,Consolidates 62 carrier routes from 5 spoke post offices.
SPOKE-GRB-01,Green Bay North Station,SPOKE,Consolidated Spoke Post Office,Green Bay,WI,44.5479,-88.0561,8057,Paused,Wave 7,Paused,SDC-GRB,0,19,0,Retail and P.O. Box lobby remains open. 19 carrier routes relocated to Green Bay S&DC.
SPOKE-GRB-02,Green Bay Downtown Station,SPOKE,Consolidated Spoke Post Office,Green Bay,WI,44.4682,-87.9398,7599,Paused,Wave 7,Paused,SDC-GRB,0,15,0,Retail and P.O. Box lobby remains open. 15 carrier routes relocated to Green Bay S&DC.
SPOKE-GRB-03,Green Bay West End Station,SPOKE,Consolidated Spoke Post Office,Green Bay,WI,44.5873,-88.1298,7482,Paused,Wave 7,Paused,SDC-GRB,0,16,0,Retail and P.O. Box lobby remains open. 16 carrier routes relocated to Green Bay S&DC.
SPOKE-GRB-04,Green Bay Highland Branch,SPOKE,Consolidated Spoke Post Office,Green Bay,WI,44.6345,-88.2149,7342,Paused,Wave 7,Paused,SDC-GRB,0,19,0,Retail and P.O. Box lobby remains open. 19 carrier routes relocated to Green Bay S&DC.
SPOKE-GRB-05,Green Bay Valley Post Office,SPOKE,Consolidated Spoke Post Office,Green Bay,WI,44.3932,-87.8513,10174,Paused,Wave 7,Paused,SDC-GRB,0,15,0,Retail and P.O. Box lobby remains open. 15 carrier routes relocated to Green Bay S&DC.
SDC-RNO,Reno / Sparks S&DC,S&DC,Sorting & Delivery Center,Reno,NV,39.535,-119.78,110000,Paused,Wave 7,Paused,RPDC-RNO,0,70,6,Consolidates 70 carrier routes from 6 spoke post offices.
SPOKE-RNO-01,Reno North Station,SPOKE,Consolidated Spoke Post Office,Reno,NV,39.5749,-119.7278,15690,Paused,Wave 7,Paused,SDC-RNO,0,21,0,Retail and P.O. Box lobby remains open. 21 carrier routes relocated to Reno / Sparks S&DC.
SPOKE-RNO-02,Reno Downtown Station,SPOKE,Consolidated Spoke Post Office,Reno,NV,39.4831,-119.8897,12067,Paused,Wave 7,Paused,SDC-RNO,0,12,0,Retail and P.O. Box lobby remains open. 12 carrier routes relocated to Reno / Sparks S&DC.
SPOKE-RNO-03,Reno West End Station,SPOKE,Consolidated Spoke Post Office,Reno,NV,39.6176,-119.8521,16873,Paused,Wave 7,Paused,SDC-RNO,0,19,0,Retail and P.O. Box lobby remains open. 19 carrier routes relocated to Reno / Sparks S&DC.
SPOKE-RNO-04,Reno Highland Branch,SPOKE,Consolidated Spoke Post Office,Reno,NV,39.6579,-119.933,11605,Paused,Wave 7,Paused,SDC-RNO,0,13,0,Retail and P.O. Box lobby remains open. 13 carrier routes relocated to Reno / Sparks S&DC.
SPOKE-RNO-05,Reno Valley Post Office,SPOKE,Consolidated Spoke Post Office,Reno,NV,39.6609,-119.5469,13759,Paused,Wave 7,Paused,SDC-RNO,0,12,0,Retail and P.O. Box lobby remains open. 12 carrier routes relocated to Reno / Sparks S&DC.
SPOKE-RNO-06,Reno Oak Ridge Post Office,SPOKE,Consolidated Spoke Post Office,Reno,NV,39.3473,-119.4823,12155,Paused,Wave 7,Paused,SDC-RNO,0,9,0,Retail and P.O. Box lobby remains open. 9 carrier routes relocated to Reno / Sparks S&DC.
